{"cameraMode":{"drawMode":0,"name":"Shaded","section":"Shading Mode"},"sceneLighting":false,"audioPlay":false,"sceneViewState":{"showFog":true,"showMaterialUpdate":false,"showSkybox":true,"showFlares":true,"showImageEffects":true,"showParticleSystems":true},"in2DMode":false,"pivot":{"x":2.963057041168213,"y":0.8585305213928223,"z":3.1980466842651369},"rotation":{"x":-0.3381524980068207,"y":0.6411115527153015,"z":-0.37520769238471987,"w":-0.5777959823608398},"size":22.0,"orthographic":false}