{"cameraMode":{"drawMode":0,"name":"Shaded","section":"Shading Mode"},"sceneLighting":false,"audioPlay":false,"sceneViewState":{"showFog":true,"showMaterialUpdate":false,"showSkybox":true,"showFlares":true,"showImageEffects":true,"showParticleSystems":true},"in2DMode":false,"pivot":{"x":-2.9706714153289797,"y":0.10599508881568909,"z":-6.448556900024414},"rotation":{"x":-0.3381524980068207,"y":0.6411115527153015,"z":-0.37520769238471987,"w":-0.5777959823608398},"size":22.0,"orthographic":false}