{"cameraMode":{"drawMode":0,"name":"Shaded","section":"Shading Mode"},"sceneLighting":false,"audioPlay":false,"sceneViewState":{"showFog":true,"showMaterialUpdate":false,"showSkybox":true,"showFlares":true,"showImageEffects":true,"showParticleSystems":true},"in2DMode":false,"pivot":{"x":-152.29217529296876,"y":110.16004180908203,"z":-424.7911376953125},"rotation":{"x":-0.3381524980068207,"y":0.6411115527153015,"z":-0.37520769238471987,"w":-0.5777959823608398},"size":14.237269401550293,"orthographic":false}