{"cameraMode":{"drawMode":0,"name":"Shaded","section":"Shading Mode"},"sceneLighting":true,"audioPlay":false,"sceneViewState":{"showFog":true,"showMaterialUpdate":false,"showSkybox":true,"showFlares":true,"showImageEffects":true,"showParticleSystems":true},"in2DMode":false,"pivot":{"x":454.05999755859377,"y":145.8862762451172,"z":-352.2712707519531},"rotation":{"x":-0.3381524980068207,"y":0.6411115527153015,"z":-0.37520769238471987,"w":-0.5777959823608398},"size":2843.442138671875,"orthographic":false}