{"cameraMode":{"drawMode":0,"name":"Shaded","section":"Shading Mode"},"sceneLighting":true,"audioPlay":false,"sceneViewState":{"showFog":true,"showMaterialUpdate":false,"showSkybox":true,"showFlares":true,"showImageEffects":true,"showParticleSystems":true},"in2DMode":false,"pivot":{"x":16.18324851989746,"y":-10.414752006530762,"z":4.568663120269775},"rotation":{"x":-0.3381524980068207,"y":0.6411115527153015,"z":-0.37520769238471987,"w":-0.5777959823608398},"size":70.45665740966797,"orthographic":false}