{"cameraMode":{"drawMode":0,"name":"Shaded","section":"Shading Mode"},"sceneLighting":false,"audioPlay":false,"sceneViewState":{"showFog":true,"showMaterialUpdate":false,"showSkybox":true,"showFlares":true,"showImageEffects":true,"showParticleSystems":true},"in2DMode":false,"pivot":{"x":405.08770751953127,"y":184.91358947753907,"z":0.0},"rotation":{"x":0.09245842695236206,"y":-0.09335364401340485,"z":0.008707879111170769,"w":0.9912924766540527},"size":353.23004150390627,"orthographic":false}